"MANUFACTURERCODE","BRANDCODE","DESCRIPTION"
"1A4",3,Chrysler
"1A8",3,Chrysler
"1B3",46,Dodge
"1B4",46,Dodge
"1B6",46,Dodge
"1B7",46,Dodge
"1C3",3,Chrysler
"1C4",3,Chrysler
"1C8",3,Chrysler
"1D3",46,Dodge
"1D4",46,Dodge
"1D5",46,Dodge
"1D7",46,Dodge
"1D8",46,Dodge
"1F1",8,Ford
"1F6",8,Ford
"1FA",8,Ford
"1FB",8,Ford
"1FC",8,Ford
"1FD",8,Ford
"1FE",8,Ford
"1FM",8,Ford
"1FT",8,Ford
"1G1",41,Chevrolet
"1G5",72,GMC
"1G8",41,Chevrolet
"1GA",41,Chevrolet
"1GB",41,Chevrolet
"1GC",41,Chevrolet
"1GD",72,GMC
"1GG",73,Isuzu
"1GH",72,GMC
"1GJ",72,GMC
"1GK",72,GMC
"1GN",41,Chevrolet
"1GT",72,GMC
"1HG",9,Honda
"1J4",29,Jeep
"1J7",29,Jeep
"1J8",29,Jeep
"1JC",29,Jeep
"1JT",29,Jeep
"1N4",16,Nissan
"1N6",16,Nissan
"1NX",21,Toyota
"1V1",2,Volkswagen
"1VW",2,Volkswagen
"1WU",28,Volvo
"1Y1",41,Chevrolet
"1YV",11,Mazda
"1Z3",22,Mitsubishi
"1Z5",22,Mitsubishi
"1Z7",22,Mitsubishi
"1ZV",8,Ford
"2A3",3,Chrysler
"2A4",3,Chrysler
"2A8",3,Chrysler
"2B3",46,Dodge
"2B4",46,Dodge
"2B5",46,Dodge
"2B6",46,Dodge
"2B7",46,Dodge
"2B8",46,Dodge
"2BC",29,Jeep
"2C1",41,Chevrolet
"2C3",3,Chrysler
"2C4",3,Chrysler
"2C8",3,Chrysler
"2CN",41,Chevrolet
"2D4",46,Dodge
"2D6",46,Dodge
"2D7",46,Dodge
"2D8",46,Dodge
"2FA",8,Ford
"2FD",8,Ford
"2FM",8,Ford
"2FT",8,Ford
"2G0",72,GMC
"2G1",41,Chevrolet
"2G5",72,GMC
"2G8",41,Chevrolet
"2GA",41,Chevrolet
"2GB",41,Chevrolet
"2GD",72,GMC
"2GJ",72,GMC
"2GK",72,GMC
"2GN",41,Chevrolet
"2GT",72,GMC
"2HG",9,Honda
"2HJ",9,Honda
"2HK",9,Honda
"2HM",10,Hyundai
"2J4",29,Jeep
"2S2",23,Suzuki
"2S3",23,Suzuki
"2T1",21,Toyota
"2T2",76,Lexus
"3A4",3,Chrysler
"3A8",3,Chrysler
"3AV",4,BMW
"3B3",46,Dodge
"3B4",46,Dodge
"3B6",46,Dodge
"3B7",46,Dodge
"3C3",3,Chrysler
"3C4",3,Chrysler
"3C8",3,Chrysler
"3CA",3,Chrysler
"3D3",46,Dodge
"3D5",46,Dodge
"3D6",46,Dodge
"3D7",46,Dodge
"3FA",8,Ford
"3FC",8,Ford
"3FD",8,Ford
"3FE",8,Ford
"3FR",8,Ford
"3FT",8,Ford
"3G1",41,Chevrolet
"3GB",41,Chevrolet
"3GC",41,Chevrolet
"3GD",72,GMC
"3GE",41,Chevrolet
"3GK",72,GMC
"3GN",41,Chevrolet
"3GT",72,GMC
"3HG",9,Honda
"3HM",9,Honda
"3N1",16,Nissan
"3TM",21,Toyota
"3VW",2,Volkswagen
"4A3",22,Mitsubishi
"4A4",22,Mitsubishi
"4B3",46,Dodge
"4C3",3,Chrysler
"4F2",11,Mazda
"4F4",11,Mazda
"4G1",41,Chevrolet
"4GD",72,GMC
"4GT",73,Isuzu
"4JG",12,Mercedes-Benz
"4KB",41,Chevrolet
"4KD",72,GMC
"4KL",73,Isuzu
"4N1",16,Nissan
"4N2",16,Nissan
"4NU",73,Isuzu
"4S1",73,Isuzu
"4S2",73,Isuzu
"4S3",34,Subaru
"4S4",34,Subaru
"4S6",9,Honda
"4T1",21,Toyota
"4T3",21,Toyota
"4TA",21,Toyota
"4US",4,BMW
"4V1",28,Volvo
"4V2",28,Volvo
"4V4",28,Volvo
"4V5",28,Volvo
"4VA",28,Volvo
"4VG",28,Volvo
"4VH",28,Volvo
"4VL",28,Volvo
"4VM",28,Volvo
"5FN",9,Honda
"5J6",9,Honda
"5N1",16,Nissan
"5NM",10,Hyundai
"5NP",10,Hyundai
"5S3",42,Saab
"5TB",21,Toyota
"5TD",21,Toyota
"5TE",21,Toyota
"5TF",21,Toyota
"5UM",4,BMW
"5UX",4,BMW
"6MM",22,Mitsubishi
"6T1",21,Toyota
"9BF",8,Ford
"9BW",2,Volkswagen
"9DW",2,Volkswagen
J81,41,Chevrolet
J87,73,Isuzu
J8B,41,Chevrolet
J8D,72,GMC
J8Z,41,Chevrolet
JA3,22,Mitsubishi
JA4,22,Mitsubishi
JA7,22,Mitsubishi
JAA,73,Isuzu
JAB,73,Isuzu
JAC,73,Isuzu
JAL,73,Isuzu
JB3,46,Dodge
JB4,46,Dodge
JB7,46,Dodge
JC2,8,Ford
JD1,18,Daihatsu
JD2,18,Daihatsu
JF1,34,Subaru
JF2,34,Subaru
JF3,34,Subaru
JF4,42,Saab
JG1,41,Chevrolet
JHL,9,Honda
JHM,9,Honda
JJ3,3,Chrysler
JL6,22,Mitsubishi
JM1,11,Mazda
JM2,11,Mazda
JM3,11,Mazda
JMB,22,Mitsubishi
JMZ,11,Mazda
JN1,16,Nissan
JN3,16,Nissan
JN4,16,Nissan
JN6,16,Nissan
JN8,16,Nissan
JNA,16,Nissan
JR2,73,Isuzu
JS2,23,Suzuki
JS3,23,Suzuki
JS4,23,Suzuki
JT2,21,Toyota
JT3,21,Toyota
JT4,21,Toyota
JT5,21,Toyota
JT6,76,Lexus
JT8,76,Lexus
JTD,21,Toyota
JTE,21,Toyota
JTH,76,Lexus
JTJ,76,Lexus
JTM,21,Toyota
JTN,21,Toyota
JW6,22,Mitsubishi
JW7,22,Mitsubishi
KL1,41,Chevrolet
KL5,23,Suzuki
KLA,27,Daewoo
KM8,10,Hyundai
KMF,10,Hyundai
KMH,10,Hyundai
KNA,32,Kia
KND,10,Hyundai
KNJ,8,Ford
KPH,22,Mitsubishi
LES,73,Isuzu
LM5,73,Isuzu
ML3,46,Dodge
MMF,4,BMW
NC0,4,BMW
SAJ,45,Jaguar
SAL,58,Land Rover
SAR,19,Rover
SAT,88,Triumph
SCA,99,Rolls Royce
SCB,44,Bentley
SHH,9,Honda
SHS,9,Honda
SJN,16,Nissan
TMB,1,Skoda
TRU,6,Audi
VF1,5,Renault
VF7,14,Citroen
VF3,15,Peugeot
VSS,20,Seat
WA1,6,Audi
WAU,6,Audi
WB1,91,BMW Motorrad
WBA,4,BMW
WBS,4,BMW
WBX,4,BMW
WD0,46,Dodge
WD1,46,Dodge
WD2,46,Dodge
WD5,46,Dodge
WD8,46,Dodge
WDB,12,Mercedes-Benz
WDC,12,Mercedes-Benz
WDD,12,Mercedes-Benz
WDP,46,Dodge
WDX,46,Dodge
WDY,46,Dodge
WF0,8,Ford
WMA,47,MAN
WME,39,Smart
WMW,48,MINI
W0L,13,Opel
WP0,40,Porsche
WP1,40,Porsche
WUA,6,Audi
WV1,43,Volkswagen Nutzfahrzeuge
WV2,43,Volkswagen Nutzfahrzeuge
WV3,2,Volkswagen
WVG,2,Volkswagen
WVW,2,Volkswagen
X4X,4,BMW
XTA,35,Lada
YB3,28,Volvo
YK1,42,Saab
YS3,42,Saab
YV1,28,Volvo
YV2,28,Volvo
YV4,28,Volvo
YV5,28,Volvo
ZA9,51,Lamborghini
ZAM,92,Maserati
ZAR,24,Alfa Romeo
ZC2,3,Chrysler
ZDF,52,Ferrari
ZFA,7,Fiat
ZFF,52,Ferrari
ZHW,51,Lamborghini
ZLA,17,Lancia
PFI,2,Volkswagen
NMT,21,Toyota
SB1,21,Toyota
VNK,21,Toyota
SAD,45,Jaguar
WV4,43,Volkswagen Nutzfahrzeuge
XW8,1,Skoda
WB4,91,BMW Motorrad
VY1,133,Adria
ZY1,133,Adria
ZAS,7,Fiat
ZAT,7,Fiat
ZAU,7,Fiat
ZAV,7,Fiat
ZAW,7,Fiat
WAP,130,Alpina
VFA,163,Alpine
ZD4,97,Piaggio
SCF,164,Aston Martin
WAC,6,Audi
WU1,6,Audi
W09,2,Volkswagen
ZAA,7,Fiat
SJA,44,Bentley
ZD3,169,Betamotor
WBM,4,BMW
WBW,4,BMW
WBY,171,BMWi
WBZ,4,BMW
WB3,4,BMW
WB5,4,BMW
WB6,4,BMW
WMZ,4,BMW
WZ1,4,BMW
"3MW",4,BMW
"2BV",102,Bombardier
"2BX",102,Bombardier
"2BZ",102,Bombardier
"2B0",102,Bombardier
"3JB",102,Bombardier
UH2,60,Brenderup
YU1,60,Brenderup
ZEB,60,Brenderup
VF9,173,Bugatti
WBU,120,BÃ¼rstner
YT3,138,Cabby
ZCG,86,Cagiva
WCR,167,Carthago
"1P2",3,Chrysler
"1P3",3,Chrysler
"1P4",3,Chrysler
"1P5",3,Chrysler
"1P6",3,Chrysler
"1P7",3,Chrysler
"1P8",3,Chrysler
"1XE",3,Chrysler
"1XF",3,Chrysler
"1XH",3,Chrysler
"1XM",3,Chrysler
"1Z2",3,Chrysler
"1Z4",3,Chrysler
"1Z6",3,Chrysler
"1Z8",3,Chrysler
"2A2",3,Chrysler
"2A5",3,Chrysler
"2A6",3,Chrysler
"2A7",3,Chrysler
"2BD",3,Chrysler
"2BE",3,Chrysler
"2BF",3,Chrysler
"2BH",3,Chrysler
"2BM",3,Chrysler
"2BT",3,Chrysler
"2B2",3,Chrysler
"2CC",3,Chrysler
"2CD",3,Chrysler
"2CE",3,Chrysler
"2CF",3,Chrysler
"2CH",3,Chrysler
"2CM",3,Chrysler
"2C2",3,Chrysler
"2C5",3,Chrysler
"2C6",3,Chrysler
"2C7",3,Chrysler
"2D2",3,Chrysler
"2D3",3,Chrysler
"2D5",3,Chrysler
"2E2",3,Chrysler
"2E3",3,Chrysler
"2E4",3,Chrysler
"2E5",3,Chrysler
"2E6",3,Chrysler
"2E7",3,Chrysler
"2E8",3,Chrysler
"2P2",3,Chrysler
"2P3",3,Chrysler
"2P4",3,Chrysler
"2P5",3,Chrysler
"2P6",3,Chrysler
"2P7",3,Chrysler
"2P8",3,Chrysler
"2V4",3,Chrysler
"2XE",3,Chrysler
"2XF",3,Chrysler
"2XH",3,Chrysler
"2XM",3,Chrysler
"4J4",3,Chrysler
VSB,3,Chrysler
VSC,3,Chrysler
VSD,3,Chrysler
SDA,3,Chrysler
SDD,3,Chrysler
"1A2",3,Chrysler
"1A3",3,Chrysler
"1A5",3,Chrysler
"1A6",3,Chrysler
"1A7",3,Chrysler
"1B2",3,Chrysler
"1B5",3,Chrysler
"1B8",3,Chrysler
"1C2",3,Chrysler
"1C5",3,Chrysler
"1C6",3,Chrysler
"1C7",3,Chrysler
"1D2",3,Chrysler
"1D6",3,Chrysler
"1E2",3,Chrysler
"1E3",3,Chrysler
"1E5",3,Chrysler
"1E6",3,Chrysler
"1E7",3,Chrysler
"1E8",3,Chrysler
"1J3",3,Chrysler
"1J5",3,Chrysler
"1J6",3,Chrysler
"3D4",3,Chrysler
"3D8",3,Chrysler
"3E4",3,Chrysler
WDR,12,Mercedes-Benz
WDW,12,Mercedes-Benz
WD3,12,Mercedes-Benz
WD4,12,Mercedes-Benz
WD6,12,Mercedes-Benz
WD7,12,Mercedes-Benz
NMB,12,Mercedes-Benz
WC3,12,Mercedes-Benz
WDF,12,Mercedes-Benz
WDG,12,Mercedes-Benz
WDH,12,Mercedes-Benz
WDJ,12,Mercedes-Benz
WDK,12,Mercedes-Benz
WCD,12,Mercedes-Benz
WDA,12,Mercedes-Benz
WDZ,12,Mercedes-Benz
VS7,14,Citroen
VS8,14,Citroen
UU1,50,Dacia
UV1,50,Dacia
TNA,27,Daewoo
WDT,121,Dethleffs
ZKC,54,Ducati
ZDM,54,Ducati
ML0,54,Ducati
WEF,127,Eifelland
WFC,122,Fendt
WXF,122,Fendt
WFX,122,Fendt
ZEF,7,Fiat
ZAB,7,Fiat
ZAC,7,Fiat
ZAD,7,Fiat
ZFB,7,Fiat
ZFC,7,Fiat
ZFD,7,Fiat
ZLB,7,Fiat
ZLC,7,Fiat
ZLD,7,Fiat
ZLX,7,Fiat
ZCF,7,Fiat
VBF,132,FIT-ZEL
WFD,66,Fliegl
WGJ,66,Fliegl
"6FP",8,Ford
"2FB",8,Ford
"2FC",8,Ford
"2FF",8,Ford
"2FL",8,Ford
"2FR",8,Ford
"2F0",8,Ford
"2LN",8,Ford
"2L1",8,Ford
"2ME",8,Ford
"2MH",8,Ford
"2MR",8,Ford
WF1,8,Ford
WF2,8,Ford
WF3,8,Ford
WF4,8,Ford
WF5,8,Ford
WF6,8,Ford
WF7,8,Ford
WF8,8,Ford
VS6,8,Ford
SFA,8,Ford
MAJ,8,Ford
XLC,8,Ford
TW2,8,Ford
"8AF",8,Ford
MEG,55,Harley-Davidson
"1HD",55,Harley-Davidson
"5HD",55,Harley-Davidson
WHB,95,Hobby
YC1,9,Honda
"9C2",9,Honda
SHR,9,Honda
ZDC,9,Honda
ZEN,9,Honda
ME4,9,Honda
NLA,9,Honda
"1HF",9,Honda
"19U",9,Honda
"19V",9,Honda
"19X",9,Honda
"478",9,Honda
"5FR",9,Honda
"5J8",9,Honda
RLH,9,Honda
VTD,9,Honda
VTM,9,Honda
LTM,9,Honda
MLH,9,Honda
LWB,9,Honda
WHD,61,Humbaur
ZHU,89,Husqvarna
ZKH,89,Husqvarna
VGN,145,Hymer
ZJN,38,Innocenti
NNA,73,Isuzu
"453",73,Isuzu
"454",73,Isuzu
ZN3,36,Iveco
VNE,36,Iveco
SBC,36,Iveco
VF5,36,Iveco
WJM,36,Iveco
TLJ,78,Jawa
TLV,78,Jawa
"1AC",29,Jeep
"1AD",29,Jeep
"1AE",29,Jeep
"1AH",29,Jeep
"1AM",29,Jeep
"1AT",29,Jeep
"1JD",29,Jeep
"1JE",29,Jeep
"1JF",29,Jeep
"1JH",29,Jeep
"1JM",29,Jeep
JKA,56,Kawasaki
JKB,56,Kawasaki
JKC,56,Kawasaki
JKD,56,Kawasaki
JKS,56,Kawasaki
JK1,56,Kawasaki
JK2,56,Kawasaki
MH4,56,Kawasaki
KMK,32,Kia
KNC,32,Kia
KNE,32,Kia
KNF,32,Kia
KNG,32,Kia
KNH,32,Kia
KNK,32,Kia
KNL,32,Kia
KN1,32,Kia
KN3,32,Kia
WKJ,32,Kia
"3KP",32,Kia
U5Y,32,Kia
U6Y,32,Kia
XLL,147,KIP
WKM,123,Knaus
WKN,123,Knaus
WKT,123,Knaus
WKW,123,Knaus
WCJ,123,Knaus
WKZ,123,Knaus
WTA,123,Knaus
WKS,118,Kress
WKE,67,Krone
WMK,67,Krone
VBK,116,KTM
VCK,116,KTM
WLX,35,Lada
ZPB,51,Lamborghini
VJR,161,Ligier
WLG,68,Linde
SCC,165,Lotus
WAG,47,MAN
VAN,47,MAN
VA0,47,MAN
WMG,47,MAN
WMN,47,MAN
ZN6,92,Maserati
YCM,11,Mazda
JC0,11,Mazda
JC1,11,Mazda
JC3,11,Mazda
JC4,11,Mazda
JC5,11,Mazda
JC6,11,Mazda
JC7,11,Mazda
JC8,11,Mazda
JM0,11,Mazda
JM4,11,Mazda
JM5,11,Mazda
JM6,11,Mazda
JM7,11,Mazda
JM8,11,Mazda
MMZ,11,Mazda
"3MD",11,Mazda
"3MZ",11,Mazda
"1YZ",11,Mazda
W1A,12,Mercedes-Benz
W1K,12,Mercedes-Benz
W1L,12,Mercedes-Benz
W1M,12,Mercedes-Benz
W1N,12,Mercedes-Benz
W1P,12,Mercedes-Benz
W1R,12,Mercedes-Benz
W1V,12,Mercedes-Benz
W1W,12,Mercedes-Benz
W1X,12,Mercedes-Benz
W1Y,12,Mercedes-Benz
W1Z,12,Mercedes-Benz
W10,12,Mercedes-Benz
W11,12,Mercedes-Benz
W12,12,Mercedes-Benz
W13,12,Mercedes-Benz
W14,12,Mercedes-Benz
W2W,12,Mercedes-Benz
W2X,12,Mercedes-Benz
W2Y,12,Mercedes-Benz
W2Z,12,Mercedes-Benz
VSA,12,Mercedes-Benz
WMX,12,Mercedes-Benz
SDP,77,MG
SAH,77,MG
SAX,77,MG
"1ML",79,Miller
XMC,22,Mitsubishi
XMD,22,Mitsubishi
XNC,22,Mitsubishi
MMB,22,Mitsubishi
MMC,22,Mitsubishi
MN3,22,Mitsubishi
MP3,22,Mitsubishi
"4MB",22,Mitsubishi
WMU,103,Multicar
SNZ,49,MZ
SWN,150,Niewiadow
ADN,16,Nissan
MBH,16,Nissan
MDH,16,Nissan
SJK,16,Nissan
VNV,16,Nissan
VSK,16,Nissan
VWA,16,Nissan
VSG,16,Nissan
VSH,16,Nissan
VSJ,16,Nissan
VSL,16,Nissan
JNB,16,Nissan
JNC,16,Nissan
JND,16,Nissan
JNE,16,Nissan
JNF,16,Nissan
JNK,16,Nissan
JNL,16,Nissan
JNM,16,Nissan
JNN,16,Nissan
JNP,16,Nissan
JNR,16,Nissan
JNS,16,Nissan
JNT,16,Nissan
JNU,16,Nissan
JNV,16,Nissan
JNW,16,Nissan
JNX,16,Nissan
JNY,16,Nissan
JNZ,16,Nissan
JN2,16,Nissan
JN5,16,Nissan
JN7,16,Nissan
JPA,16,Nissan
JPB,16,Nissan
JPC,16,Nissan
JPD,16,Nissan
JPE,16,Nissan
W04,13,Opel
W06,13,Opel
W08,13,Opel
"1G0",13,Opel
"1G6",13,Opel
W0V,13,Opel
VGA,15,Peugeot
VXE,15,Peugeot
VTB,97,Piaggio
ZAP,97,Piaggio
ZBP,97,Piaggio
ZDP,97,Piaggio
ZGU,97,Piaggio
MBX,97,Piaggio
MC3,97,Piaggio
MET,97,Piaggio
LBM,97,Piaggio
RP8,97,Piaggio
TAP,151,Polar
"4XA",151,Polar
"5AS",151,Polar
"5VP",151,Polar
"57X",151,Polar
YT5,151,Polar
PL1,33,Proton
SA9,170,RADICAL
VS5,5,Renault
VMK,5,Renault
VF2,5,Renault
VF6,5,Renault
VG6,5,Renault
VG7,5,Renault
VG8,5,Renault
WRA,69,Renders
SAA,19,Rover
SAM,19,Rover
SAZ,19,Rover
TW7,19,Rover
YSC,42,Saab
YK9,42,Saab
YS2,42,Saab
YS4,42,Saab
XLG,131,Saris
XLE,71,Scania
VLU,71,Scania
SZA,71,Scania
"9BS",71,Scania
VVW,20,Seat
VWW,20,Seat
TKS,1,Skoda
TMP,1,Skoda
TMS,1,Skoda
TMW,1,Skoda
TMX,1,Skoda
TNS,1,Skoda
TNL,1,Skoda
TNY,1,Skoda
ZMB,1,Skoda
TMD,1,Skoda
KPA,25,Ssangyong
KPB,25,Ssangyong
KPD,25,Ssangyong
KPF,25,Ssangyong
KPG,25,Ssangyong
KPL,25,Ssangyong
KPS,25,Ssangyong
KPT,25,Ssangyong
WSE,96,Stema
VG2,153,Sterckeman
TSM,23,Suzuki
VSE,23,Suzuki
VTT,23,Suzuki
VTU,23,Suzuki
MH8,23,Suzuki
JGC,23,Suzuki
JGK,23,Suzuki
JGN,23,Suzuki
JGT,23,Suzuki
JG2,23,Suzuki
JG7,23,Suzuki
JSA,23,Suzuki
JSK,23,Suzuki
JSL,23,Suzuki
JS1,23,Suzuki
LM1,23,Suzuki
MLC,23,Suzuki
"5SA",23,Suzuki
MMS,23,Suzuki
MAT,113,Tata
SFZ,129,Tesla
"5YJ",129,Tesla
WTD,21,Toyota
MR0,21,Toyota
ATH,21,Toyota
JT1,21,Toyota
SMT,88,Triumph
SCG,88,Triumph
YB1,28,Volvo
YB2,28,Volvo
WVV,28,Volvo
SCV,28,Volvo
XLB,28,Volvo
LVY,28,Volvo
LYV,28,Volvo
YV3,28,Volvo
YV6,28,Volvo
"7JR",28,Volvo
WWE,160,Weippert
WWV,63,Westfalia
WHE,63,Westfalia
WTS,63,Westfalia
WWW,63,Westfalia
WWC,64,WM Meyer
MLE,57,Yamaha
"9C6",57,Yamaha
VTL,57,Yamaha
ZD0,57,Yamaha
JYA,57,Yamaha
JYB,57,Yamaha
JYC,57,Yamaha
JYD,57,Yamaha
JYE,57,Yamaha
JYR,57,Yamaha
JYS,57,Yamaha
JYT,57,Yamaha
JY3,57,Yamaha
JY4,57,Yamaha
JY5,57,Yamaha
JY6,57,Yamaha
LBP,57,Yamaha
LPR,57,Yamaha
RKR,57,Yamaha
MH3,57,Yamaha
"5Y4",57,Yamaha
RLC,57,Yamaha
LYM,57,Yamaha
YAR,21,Toyota
